patient_index,Sensitivity,Specificity,DICE,C
LIDC-IDRI-0926,2.842183545961404e-05,0.9997544477929642,1.4884684048642846e-06,0_1
LIDC-IDRI-0928,0.0007938894040643406,0.9997449559286604,2.5539887141378215e-05,0_1
LIDC-IDRI-0929,0.0003709545121872172,0.999770076390817,1.9931910442023044e-06,0_1
LIDC-IDRI-0932,1.0005767614475941e-09,0.9996415977285683,3.320874347020859e-11,0_1
LIDC-IDRI-0933,0.07886337745011149,0.999152879059753,0.006649944249445733,0_1
LIDC-IDRI-0935,0.15215310720507597,0.9993019038733838,0.019735258510755062,0_1
LIDC-IDRI-0936,0.08914631827705777,0.999824245007647,0.008711598348660296,0_1
LIDC-IDRI-0938,0.02450265905419982,0.9997624636873209,0.001130818764729255,0_1
LIDC-IDRI-0939,0.06737189736235827,0.9998668125504679,0.007242330075990006,0_1
LIDC-IDRI-0940,0.05545337174829272,0.9998131610520768,0.003877594182498043,0_1
LIDC-IDRI-0941,7.576078773870194e-05,0.999830762798846,1.5716839854467588e-06,0_1
LIDC-IDRI-0942,0.3921334495579105,0.9983613583314591,0.02792566327542311,0_1
LIDC-IDRI-0943,0.00010658627206233879,0.9997867603576778,1.466817857007546e-06,0_1
LIDC-IDRI-0944,2.7632539453616784e-07,0.9988583063828653,1.8268849834817327e-08,0_1
LIDC-IDRI-0945,0.7264935958709876,0.9997691114374477,0.01071140905459692,0_1
LIDC-IDRI-0946,0.4941994204071402,0.9991192971014285,0.014163082864127301,0_1
LIDC-IDRI-0947,0.0008044027878649472,0.9998427480172789,0.00014396957960409503,0_1
LIDC-IDRI-0949,0.22793778927481842,0.9996290023882983,0.0217521967339547,0_1
LIDC-IDRI-0950,0.0004828066688314227,0.9998677793121891,1.0138979940370928e-05,0_1
LIDC-IDRI-0951,0.0871686125322317,0.9997055195986619,0.0010155679378548376,0_1
LIDC-IDRI-0953,0.0044240321441493076,0.9997668517537575,0.00012286246564335024,0_1
LIDC-IDRI-0955,2.0666785599835715e-05,0.9997964578876677,3.1119883566582024e-07,0_1
LIDC-IDRI-0956,0.020883167542280343,0.9998094329450475,0.000587431146628579,0_1
LIDC-IDRI-0957,7.068604092370747e-07,0.9989878817232617,1.1362748329368664e-08,0_1
LIDC-IDRI-0958,0.2991936195329221,0.9994157541575308,0.00712360032650535,0_1
LIDC-IDRI-0959,0.0001284193547170547,0.9999243261000859,2.6809465512280594e-06,0_1
LIDC-IDRI-0961,0.0015016337206247492,0.9995957143552835,0.0003334049374552704,0_1
LIDC-IDRI-0962,0.025859113373167816,0.9994194091843112,0.0012292870805731514,0_1
LIDC-IDRI-0963,4.1899049754445064e-05,0.9998595491475548,6.471483770992896e-07,0_1
LIDC-IDRI-0965,0.1860162597683508,0.9994510057468341,0.011313135882734988,0_1
LIDC-IDRI-0966,0.010432057304762567,0.9999149791224973,0.00039152846477340486,0_1
LIDC-IDRI-0968,0.24906287150681983,0.9991721777568275,0.02649356546847919,0_1
LIDC-IDRI-0969,0.00046934934356565063,0.9996785098855592,1.2977427250909093e-05,0_1
LIDC-IDRI-0971,3.0084247574851075e-08,0.9998868379038698,1.0198006392130347e-09,0_1
LIDC-IDRI-0972,0.0003147810615305456,0.9997752672483995,4.378092618374008e-05,0_1
LIDC-IDRI-0973,0.004087027858237461,0.999439313747995,0.0007778985179575502,0_1
LIDC-IDRI-0974,0.1591957347775559,0.9993469700264331,0.01297257728932068,0_1
LIDC-IDRI-0976,3.991632900333555e-05,0.9998639346883198,4.151376379324829e-06,0_1
LIDC-IDRI-0977,3.660738567366224e-06,0.9998395021874558,6.988706340118013e-08,0_1
LIDC-IDRI-0978,0.008104987891801684,0.9991103096989231,0.0023900147899965428,0_1
LIDC-IDRI-0980,0.07057111927581146,0.9995972525940504,0.007126052805793991,0_1
LIDC-IDRI-0981,0.0018642891972655512,0.999583113317831,4.4345150510288074e-05,0_1
LIDC-IDRI-0982,0.13872766611369278,0.9998227407918673,0.007591362260106716,0_1
LIDC-IDRI-0983,0.003194996039472284,0.9997245259560501,0.00017108564645910786,0_1
LIDC-IDRI-0984,0.0007879955619715044,0.9997710448198162,2.1424638070554506e-05,0_1
LIDC-IDRI-0985,1.0061181286018427e-07,0.9996031782541087,9.33027494238029e-09,0_1
LIDC-IDRI-0986,0.4261287521832564,0.9990886203086016,0.01377711920959741,0_1
LIDC-IDRI-0987,0.005916236928819475,0.9998839369957506,0.00030367272340672103,0_1
LIDC-IDRI-0989,7.684621711670767e-08,0.9993661819011366,5.773959039936518e-10,0_1
LIDC-IDRI-0990,3.7534672713037954e-05,0.9990022634066251,1.9729948083827016e-06,0_1
LIDC-IDRI-0991,2.4738771693773433e-05,0.9997916281446814,6.004126830620037e-08,0_1
LIDC-IDRI-0993,0.5658785995990858,0.9996588698661477,0.01629779477370427,0_1
LIDC-IDRI-0994,0.0682266456422867,0.9995972744880683,0.013422424601524057,0_1
LIDC-IDRI-0996,4.607343428423856e-07,0.9990925991270394,2.2402596767075183e-08,0_1
LIDC-IDRI-0997,1.1971903128643532e-05,0.9995683118820249,1.0055759008040096e-06,0_1
LIDC-IDRI-0998,0.032055115479314306,0.9987761042306919,0.002391137846464622,0_1
LIDC-IDRI-0999,0.0013257982079734225,0.9998057099962674,5.101310076173281e-05,0_1
LIDC-IDRI-1000,0.12697600164974368,0.9996990847016355,0.020919157877729466,0_1
LIDC-IDRI-1001,4.817993812153172e-06,0.9993199558229073,5.050449033301345e-08,0_1
LIDC-IDRI-1002,0.09053060723492583,0.9990832152039791,0.025536569122022346,0_1
LIDC-IDRI-1003,0.21688292631926184,0.9993516379576028,0.032926950392500764,0_1
LIDC-IDRI-1004,0.15590164606358653,0.999743454145099,0.01752626087648883,0_1
LIDC-IDRI-1005,0.06938706033902976,0.9986108905041223,0.0010852202177534715,0_1
LIDC-IDRI-1006,0.00047840333156431314,0.9993897540196475,1.1158524851562741e-05,0_1
LIDC-IDRI-1007,0.4009600396667946,0.999652003864366,0.036247477949917985,0_1
LIDC-IDRI-1008,0.0001936521611640131,0.9996334294297183,3.6598948164891474e-05,0_1
LIDC-IDRI-1009,3.9294314460983335e-05,0.9988866676719718,4.880848450981486e-06,0_1
LIDC-IDRI-1010,9.271639727166583e-05,0.9996731714771729,1.3833911040132684e-06,0_1
LIDC-IDRI-1011,0.31254347871644805,0.9994435709109093,0.05500347178722777,0_1
LIDC-IDRI-0926,2.0785363516000896e-05,0.9998503736855368,1.0956262125802836e-06,0_2
LIDC-IDRI-0928,0.00040589502852254167,0.9998518832979915,1.612622789309993e-05,0_2
LIDC-IDRI-0929,0.00010827966260594316,0.9998463620671182,2.464350815135464e-06,0_2
LIDC-IDRI-0932,5.834118018073354e-10,0.9998036390661441,2.4100188980535017e-11,0_2
LIDC-IDRI-0933,0.09588309288423134,0.9996504626828796,0.011060167123321361,0_2
LIDC-IDRI-0935,0.1446823877256656,0.999644320983026,0.019573120925212364,0_2
LIDC-IDRI-0936,0.11503153156762633,0.9999199633497903,0.011238235245072305,0_2
LIDC-IDRI-0938,0.08724666424397086,0.9998625227040476,0.004094730180409174,0_2
LIDC-IDRI-0939,0.0017343767873622337,0.9999459001486322,0.00022697134630889567,0_2
LIDC-IDRI-0940,0.07284458993154243,0.9999287977516008,0.005900051397610419,0_2
LIDC-IDRI-0941,6.2445364348714715e-06,0.9999118312792007,1.5136452010325468e-07,0_2
LIDC-IDRI-0942,0.3734032883101772,0.9987675332540014,0.03780880912522906,0_2
LIDC-IDRI-0943,4.1457189193119206e-05,0.9999115861384573,7.590668913173533e-07,0_2
LIDC-IDRI-0944,1.8325877925214578e-07,0.999145616019786,1.2993497722913451e-08,0_2
LIDC-IDRI-0945,0.7032256445478127,0.9998356970702355,0.011202431728206567,0_2
LIDC-IDRI-0946,0.41125018184080847,0.9994200464993342,0.012982728312379075,0_2
LIDC-IDRI-0947,0.0005851475940149831,0.9998903737819408,0.00012494411275371027,0_2
LIDC-IDRI-0949,0.24804456742159908,0.9997809680025921,0.023124321181998888,0_2
LIDC-IDRI-0950,0.00014748510996007754,0.9999398560258499,3.6748334878272666e-06,0_2
LIDC-IDRI-0951,0.08722508040282152,0.999821799408836,0.001134889524726284,0_2
LIDC-IDRI-0953,0.003624310666940215,0.9999096495815378,0.00011742057584767401,0_2
LIDC-IDRI-0955,2.152635949197147e-06,0.9999267705506484,4.320664372727034e-08,0_2
LIDC-IDRI-0956,0.00046564385653518844,0.9999215315519169,2.5527791397045317e-05,0_2
LIDC-IDRI-0957,9.103021607937811e-08,0.9995559572582277,3.022394086486264e-09,0_2
LIDC-IDRI-0958,0.02780461157935694,0.9996497274333566,0.0018077565804883982,0_2
LIDC-IDRI-0959,4.2331387855843686e-05,0.9999695136787992,1.0639447613850721e-06,0_2
LIDC-IDRI-0961,0.0016241609271117566,0.9998059218046503,0.00018640444077791722,0_2
LIDC-IDRI-0962,0.026692598443224386,0.9996428206788973,0.002805805005580697,0_2
LIDC-IDRI-0963,3.123873411220361e-05,0.9999413472792079,5.494725136428331e-07,0_2
LIDC-IDRI-0965,0.19951724710490862,0.999783913446979,0.012356989531510293,0_2
LIDC-IDRI-0966,0.0044736683719055195,0.9999508408366824,0.00030613582207796345,0_2
LIDC-IDRI-0968,0.1246223362148291,0.9995482964878458,0.014424070892946339,0_2
LIDC-IDRI-0969,0.0003566385377091198,0.9998258141099593,1.339206750994027e-05,0_2
LIDC-IDRI-0971,2.2687261955716103e-09,0.9999343952500275,1.2708180286546766e-10,0_2
LIDC-IDRI-0972,0.0003867874286090727,0.9999308204535144,5.386127223517112e-05,0_2
LIDC-IDRI-0973,0.02603964190731077,0.9996686963023627,0.004252412831991777,0_2
LIDC-IDRI-0974,0.15535128252750505,0.9996714764091007,0.013979480183288947,0_2
LIDC-IDRI-0976,4.761511472068941e-05,0.9998851075560349,6.951813603833473e-06,0_2
LIDC-IDRI-0977,1.8073276887964472e-08,0.9999083786344313,4.5381890205267925e-10,0_2
LIDC-IDRI-0978,0.011584112887301438,0.999476652984872,0.00342463857957615,0_2
LIDC-IDRI-0980,0.07840110813322541,0.9997442654628451,0.008892290487511455,0_2
LIDC-IDRI-0981,0.0024325573324122563,0.9996450354175968,6.095110989319327e-05,0_2
LIDC-IDRI-0982,0.10590742156803855,0.9999040621863159,0.007392679449227141,0_2
LIDC-IDRI-0983,0.0023051537223255374,0.9998829895114469,0.00013888938999207686,0_2
LIDC-IDRI-0984,0.00042652033983337845,0.9999545001808894,1.3998132453705717e-05,0_2
LIDC-IDRI-0985,4.269693626666988e-08,0.9998109451537764,4.2237588601349125e-09,0_2
LIDC-IDRI-0986,0.39363470072324686,0.9991605153829444,0.014843827739571746,0_2
LIDC-IDRI-0987,0.0017055571997895507,0.9999467948188595,0.00011044135554792856,0_2
LIDC-IDRI-0989,6.972551281033953e-08,0.9996175288588215,1.4206056677993317e-09,0_2
LIDC-IDRI-0990,8.875593371344908e-06,0.9994093878539974,4.3258169817187076e-07,0_2
LIDC-IDRI-0991,2.0587001842260293e-05,0.9999073419918121,2.1589216941232157e-07,0_2
LIDC-IDRI-0993,0.6394346741742696,0.9997944288826843,0.017429030928551303,0_2
LIDC-IDRI-0994,0.09423847451322256,0.999807391225145,0.01744526811663985,0_2
LIDC-IDRI-0996,8.278784165082404e-08,0.9994456556765928,4.333745355244111e-09,0_2
LIDC-IDRI-0997,1.848891480161724e-06,0.9997906481841925,1.5564420202451878e-07,0_2
LIDC-IDRI-0998,0.021817083225691737,0.9992695047097422,0.0029016473305764393,0_2
LIDC-IDRI-0999,0.0006186026547676172,0.9998983226680486,3.580963796757405e-05,0_2
LIDC-IDRI-1000,0.050281252789951,0.9998467703993956,0.007410539213561475,0_2
LIDC-IDRI-1001,1.7559423967013834e-06,0.9995629142298202,1.083444961800063e-07,0_2
LIDC-IDRI-1002,0.04970055247277972,0.9995901589676297,0.016526676664420568,0_2
LIDC-IDRI-1003,0.25063883605456494,0.9997050065725847,0.04451537260005857,0_2
LIDC-IDRI-1004,0.023138611448732187,0.9999050196704674,0.004236840819383223,0_2
LIDC-IDRI-1005,5.5459721856256185e-05,0.9993024694140362,6.7590033990741155e-06,0_2
LIDC-IDRI-1006,0.00021080089560135206,0.9997757143439996,7.080678129338856e-06,0_2
LIDC-IDRI-1007,0.3332308583709279,0.999816250211428,0.03298235956780483,0_2
LIDC-IDRI-1008,2.1188184401975227e-05,0.9997464872810061,2.93097255657239e-06,0_2
LIDC-IDRI-1009,2.0425497054235183e-06,0.9991981068812014,2.9264214218465487e-07,0_2
LIDC-IDRI-1010,9.747778591495507e-05,0.999838045532277,1.5144309796171642e-06,0_2
LIDC-IDRI-1011,0.3335228473872735,0.9997260899516298,0.06493948320877972,0_2
LIDC-IDRI-0926,1.7982574247725334e-05,0.9998611497340573,9.56079949593663e-07,0_3
LIDC-IDRI-0928,0.0004776462115207091,0.9998558044074283,1.9695571684663683e-05,0_3
LIDC-IDRI-0929,0.00015224365850491665,0.99979443454615,4.133851701973986e-06,0_3
LIDC-IDRI-0932,2.5764902916174324e-10,0.999793508925564,1.0625175267068967e-11,0_3
LIDC-IDRI-0933,0.08008834462158514,0.9995202788315131,0.009374375659455422,0_3
LIDC-IDRI-0935,0.11635169262775899,0.9994543100554147,0.016339889705063598,0_3
LIDC-IDRI-0936,0.11313728493323107,0.9999506389053183,0.01263214839153899,0_3
LIDC-IDRI-0938,0.1248599214148378,0.9998303092408167,0.003929203074879171,0_3
LIDC-IDRI-0939,0.05161457369178472,0.9999061231413467,0.005789442150026575,0_3
LIDC-IDRI-0940,0.04751462313356044,0.999898508467838,0.0040184703471976314,0_3
LIDC-IDRI-0941,2.0672043319635058e-05,0.999920207988864,5.494690146720376e-07,0_3
LIDC-IDRI-0942,0.37257889409298517,0.998655570274415,0.03504010760634883,0_3
LIDC-IDRI-0943,2.132512934642541e-05,0.9999241101293005,4.1217538813594056e-07,0_3
LIDC-IDRI-0944,3.397026683611054e-08,0.9991264603019572,1.9937153028471993e-09,0_3
LIDC-IDRI-0945,0.5404142334765053,0.9998387374559826,0.011909830830184327,0_3
LIDC-IDRI-0946,0.5196671263550826,0.9991763553219042,0.015882607565681925,0_3
LIDC-IDRI-0947,0.0005791614233638501,0.999937862234637,0.0001275335905906017,0_3
LIDC-IDRI-0949,0.22238759007424708,0.9997393215973125,0.02039150961482822,0_3
LIDC-IDRI-0950,0.00022500256596333167,0.9999214739725486,5.5966269018799164e-06,0_3
LIDC-IDRI-0951,0.06282014140887124,0.9998271983333274,0.0016727823841144135,0_3
LIDC-IDRI-0953,0.003954177144020892,0.9998906449880327,0.00014337281284940054,0_3
LIDC-IDRI-0955,3.927028842968895e-08,0.9999470967134046,9.157921864880927e-10,0_3
LIDC-IDRI-0956,0.0020919605005672156,0.9999230058159687,0.00011116016470751548,0_3
LIDC-IDRI-0957,3.732191834019705e-08,0.9993581999367628,1.0038511381687376e-09,0_3
LIDC-IDRI-0958,0.06375882785410804,0.999703699050246,0.0020630001394020296,0_3
LIDC-IDRI-0959,4.045892705131313e-05,0.9999655025346349,1.0164777540828092e-06,0_3
LIDC-IDRI-0961,0.0015199387709766501,0.9998700876772305,0.00021070765659426415,0_3
LIDC-IDRI-0962,0.023538131075299278,0.9995665778925191,0.0023399757800949485,0_3
LIDC-IDRI-0963,7.075120663610927e-06,0.9999347308618591,1.3595972531007535e-07,0_3
LIDC-IDRI-0965,0.16670249831653483,0.999708130012594,0.011146923014962477,0_3
LIDC-IDRI-0966,0.000750774169412699,0.999961468508686,4.99172882243763e-05,0_3
LIDC-IDRI-0968,0.25915751280982363,0.9994226447325794,0.02801882274424699,0_3
LIDC-IDRI-0969,0.00024829867141579036,0.9997906721143538,1.029986454917361e-05,0_3
LIDC-IDRI-0971,6.200284244716588e-10,0.9999393708585277,3.2141278217121733e-11,0_3
LIDC-IDRI-0972,0.0004995548772659231,0.9999328802507877,6.87848216023213e-05,0_3
LIDC-IDRI-0973,0.021092213914558174,0.9996581432493713,0.003514085613571121,0_3
LIDC-IDRI-0974,0.16306727303924626,0.999611455490899,0.013068668748398854,0_3
LIDC-IDRI-0976,1.2135295814686446e-05,0.9998784900683425,1.7750346423018322e-06,0_3
LIDC-IDRI-0977,8.02804501392561e-11,0.9999285287786813,2.1467767336325033e-12,0_3
LIDC-IDRI-0978,0.004837566973147006,0.9994520702383123,0.001287837520977196,0_3
LIDC-IDRI-0980,0.07392719125295649,0.9997261511996485,0.008180799751962464,0_3
LIDC-IDRI-0981,0.001773986963261429,0.9997035873117062,4.423942936448027e-05,0_3
LIDC-IDRI-0982,0.10663635231760002,0.9999163105456044,0.008096390986379985,0_3
LIDC-IDRI-0983,0.001379358575034963,0.9998422813407377,8.288979420994679e-05,0_3
LIDC-IDRI-0984,0.0004236818642511797,0.9999063074598784,1.4282405310195713e-05,0_3
LIDC-IDRI-0985,4.95349753568058e-08,0.9997041132413182,4.7419258172722904e-09,0_3
LIDC-IDRI-0986,0.2722594444433511,0.9992877465293429,0.009616010402493573,0_3
LIDC-IDRI-0987,0.0017312682852771888,0.9999267747917219,0.0001131525494694754,0_3
LIDC-IDRI-0989,2.1155645902096e-08,0.9995583971126065,9.610962084346813e-11,0_3
LIDC-IDRI-0990,6.435077347679972e-06,0.9992903565659692,3.103507742141596e-07,0_3
LIDC-IDRI-0991,2.9255690449637803e-06,0.9998936253833117,3.702190664317982e-08,0_3
LIDC-IDRI-0993,0.6790663378979449,0.9997750116987925,0.015599724914349779,0_3
LIDC-IDRI-0994,0.07191708077003153,0.9998623163391538,0.014900795889534668,0_3
LIDC-IDRI-0996,1.6217982263114392e-07,0.9992176657759974,8.11349028633992e-09,0_3
LIDC-IDRI-0997,7.310424178984655e-06,0.9997613996938225,6.214863627436164e-07,0_3
LIDC-IDRI-0998,0.017745001507579374,0.9990875819435107,0.0020420715157236768,0_3
LIDC-IDRI-0999,0.0003367198607015718,0.9998927225775861,2.1298217135097342e-05,0_3
LIDC-IDRI-1000,0.09379818410777575,0.9997491761897298,0.014522424622354821,0_3
LIDC-IDRI-1001,3.668850848082313e-07,0.9994568951776918,4.929055732186416e-09,0_3
LIDC-IDRI-1002,0.09807509988154224,0.9995488981273821,0.029996762637507633,0_3
LIDC-IDRI-1003,0.2136416987195952,0.9995587180262424,0.03441366449419569,0_3
LIDC-IDRI-1004,0.010625445545293434,0.9998957853631443,0.002047418617121635,0_3
LIDC-IDRI-1005,0.039124933974467334,0.9990417628691582,0.0018101987115522744,0_3
LIDC-IDRI-1006,0.00014652653100331064,0.9996474426750899,5.070539074230496e-06,0_3
LIDC-IDRI-1007,0.3358737424273347,0.999798040526474,0.032908638277246355,0_3
LIDC-IDRI-1008,3.3105536750927364e-05,0.9997309769431458,5.005520782858997e-06,0_3
LIDC-IDRI-1009,1.60342806686956e-05,0.9992855182887879,2.4256581325983857e-06,0_3
LIDC-IDRI-1010,0.00015884730044169856,0.9997854053279205,2.452113835497275e-06,0_3
LIDC-IDRI-1011,0.3512628205961919,0.9997334802838909,0.0665851054490545,0_3
LIDC-IDRI-0926,9.066759854300538e-06,0.9997620230326439,4.826271719895463e-07,0_4
LIDC-IDRI-0928,0.0003017759849617251,0.9998609075761326,1.0950364072261852e-05,0_4
LIDC-IDRI-0929,0.00012096419101878823,0.9997526879338928,2.794742988787648e-06,0_4
LIDC-IDRI-0932,5.708320472755045e-09,0.9997284578287529,2.3603074388636785e-10,0_4
LIDC-IDRI-0933,0.09756811911723566,0.9995458469262747,0.011449218142360074,0_4
LIDC-IDRI-0935,0.12888126685858597,0.9992442584926925,0.014912206351189821,0_4
LIDC-IDRI-0936,0.09845726233102692,0.9999363229674918,0.01052794382727289,0_4
LIDC-IDRI-0938,0.20838134335350683,0.9997083730923498,0.00721325478369694,0_4
LIDC-IDRI-0939,0.0010207019033678431,0.999876291698379,0.00013126719831635505,0_4
LIDC-IDRI-0940,0.046909310833785425,0.9999046299529184,0.004139394685358368,0_4
LIDC-IDRI-0941,4.175101625149154e-06,0.9998976714169778,1.0981466482501621e-07,0_4
LIDC-IDRI-0942,0.3306411722279254,0.9983496053058033,0.024806778009207102,0_4
LIDC-IDRI-0943,1.5093982485067917e-05,0.9999526190177447,3.118719819510208e-07,0_4
LIDC-IDRI-0944,1.4098544984295255e-07,0.9989116164154561,5.597450321114128e-09,0_4
LIDC-IDRI-0945,0.5955901397706199,0.9998156266464292,0.011978506134155072,0_4
LIDC-IDRI-0946,0.39215778504253257,0.9989836767586664,0.009080052292472784,0_4
LIDC-IDRI-0947,0.0002918327560111379,0.9999276636790817,6.436894141530153e-05,0_4
LIDC-IDRI-0949,0.16342653380725405,0.9997205934807768,0.018109499851812892,0_4
LIDC-IDRI-0950,0.00010883363984379133,0.9998115968766939,2.8405862802612937e-06,0_4
LIDC-IDRI-0951,0.0753135318052542,0.9997796408491713,0.0013363761812334879,0_4
LIDC-IDRI-0953,0.008025612752753167,0.9998880903177981,0.00028298096768210925,0_4
LIDC-IDRI-0955,1.0909068704748279e-10,0.9999379293774923,2.6722174263647376e-12,0_4
LIDC-IDRI-0956,0.0007693902044347109,0.9998698783690416,4.1435318824616446e-05,0_4
LIDC-IDRI-0957,1.7539253101616134e-08,0.9993548101904806,7.755257007017375e-10,0_4
LIDC-IDRI-0958,0.11753657595449445,0.999557158212868,0.004152366065859985,0_4
LIDC-IDRI-0959,1.9429562099950183e-05,0.9999602146041687,4.832971378125034e-07,0_4
LIDC-IDRI-0961,0.009576423122729242,0.9998428447655866,0.0011415455884491665,0_4
LIDC-IDRI-0962,0.01316553209398799,0.9994997943000767,0.0015384338324063267,0_4
LIDC-IDRI-0963,6.845987380009891e-06,0.9999346514816055,1.3192806060395362e-07,0_4
LIDC-IDRI-0965,0.20558016529036469,0.9995812518399294,0.012827756651716638,0_4
LIDC-IDRI-0966,0.00047371918318554675,0.9999557235702422,3.074599821158334e-05,0_4
LIDC-IDRI-0968,0.13527430587936703,0.9993421154439301,0.014864941688930993,0_4
LIDC-IDRI-0969,0.00024211837513715955,0.9998184783284007,9.884674591223272e-06,0_4
LIDC-IDRI-0971,6.920285299425257e-10,0.9999348630335846,3.7279546793210776e-11,0_4
LIDC-IDRI-0972,0.0024924491353979544,0.9998411850700929,0.0003131540884166663,0_4
LIDC-IDRI-0973,0.05220882919709373,0.9995252758331835,0.007297066561282872,0_4
LIDC-IDRI-0974,0.13789927494571066,0.9995699297678659,0.01000597713276537,0_4
LIDC-IDRI-0976,2.429205331701349e-06,0.9997942165696304,2.890147936002625e-07,0_4
LIDC-IDRI-0977,2.1187617723958269e-10,0.9998779572072383,4.069810931448148e-12,0_4
LIDC-IDRI-0978,0.07744888044439216,0.9992614218844523,0.020776697366677588,0_4
LIDC-IDRI-0980,0.12236286701179239,0.999626560310012,0.011301756420773868,0_4
LIDC-IDRI-0981,0.0029833417421425575,0.9997103836819711,7.555465042169861e-05,0_4
LIDC-IDRI-0982,0.10727056303318913,0.9998967428921554,0.008699539217295825,0_4
LIDC-IDRI-0983,0.0005423597388601385,0.9997337472653772,2.3113410747972632e-05,0_4
LIDC-IDRI-0984,0.00032402695070623806,0.9999462104458046,1.1149982026161601e-05,0_4
LIDC-IDRI-0985,2.4313618155197485e-08,0.9996687769393878,1.9710063548305307e-09,0_4
LIDC-IDRI-0986,0.3619842182224451,0.9991353955315359,0.01233187529412712,0_4
LIDC-IDRI-0987,0.0022118537015798313,0.9999282571030068,0.00015815219861902162,0_4
LIDC-IDRI-0989,2.560551838114452e-08,0.9993924957707778,9.793308746183283e-11,0_4
LIDC-IDRI-0990,1.7692699445858504e-05,0.9989777937051679,4.513424563976374e-07,0_4
LIDC-IDRI-0991,1.1186402726619265e-06,0.9998723201266949,1.4134433720580383e-08,0_4
LIDC-IDRI-0993,0.643884544340453,0.9997778890140456,0.015594402471937512,0_4
LIDC-IDRI-0994,0.07436684867397547,0.9998042045636321,0.015541299326052511,0_4
LIDC-IDRI-0996,8.099174329529198e-07,0.9992309337637512,3.0751714000908513e-08,0_4
LIDC-IDRI-0997,1.106482501619298e-06,0.9996609476301288,8.781948977202801e-08,0_4
LIDC-IDRI-0998,0.04273895049296948,0.9986669703564244,0.0026059525083216486,0_4
LIDC-IDRI-0999,0.00024388175759634993,0.9998755753705153,1.7589434607770925e-05,0_4
LIDC-IDRI-1000,0.0933967296875227,0.9996784260775279,0.016099614774988485,0_4
LIDC-IDRI-1001,5.368971110444747e-07,0.9993059927322583,2.111334007654408e-08,0_4
LIDC-IDRI-1002,0.13158523517907605,0.9991359152597417,0.03308719491015048,0_4
LIDC-IDRI-1003,0.19955271163739155,0.9995488070137566,0.03451149536779277,0_4
LIDC-IDRI-1004,0.022495436035001398,0.999868929515595,0.0041431118808038375,0_4
LIDC-IDRI-1005,0.000312348553751703,0.9991703404296904,4.11865951524939e-05,0_4
LIDC-IDRI-1006,0.00015478420445458712,0.9997112790744771,5.934399386765876e-06,0_4
LIDC-IDRI-1007,0.35992017601353177,0.9996175270935075,0.03404278150704776,0_4
LIDC-IDRI-1008,9.925513270234409e-06,0.9997066344341562,6.89369239734417e-07,0_4
LIDC-IDRI-1009,2.2208079365238483e-06,0.9991097595529184,3.166434174322629e-07,0_4
LIDC-IDRI-1010,0.0004490662481827361,0.9998097891389075,6.839676693012005e-06,0_4
LIDC-IDRI-1011,0.36884083855394856,0.999596974258866,0.0633493602061582,0_4
LIDC-IDRI-0926,7.439065404632284e-06,0.9997817384571557,3.949476784244726e-07,0_5
LIDC-IDRI-0928,0.0006519956173160865,0.9997593259614381,2.4017578802422587e-05,0_5
LIDC-IDRI-0929,5.7351146753864134e-05,0.9996878721894074,1.6090505152847747e-06,0_5
LIDC-IDRI-0932,5.96758049425796e-09,0.9996873309734978,2.4700705655455436e-10,0_5
LIDC-IDRI-0933,0.10311680810853895,0.9994574286378444,0.011936263511071039,0_5
LIDC-IDRI-0935,0.14823220509935264,0.9991482238151285,0.013251226719209228,0_5
LIDC-IDRI-0936,0.16504994006774587,0.999894844518784,0.015835895928452238,0_5
LIDC-IDRI-0938,0.294540404916076,0.9996763358379502,0.007461749110546052,0_5
LIDC-IDRI-0939,0.004468564085767464,0.9998837986821093,0.0005797425534468651,0_5
LIDC-IDRI-0940,0.04840156160926533,0.9998713263958064,0.004028821598808653,0_5
LIDC-IDRI-0941,2.065028437003565e-05,0.9998909269092169,5.361021272574217e-07,0_5
LIDC-IDRI-0942,0.4745877477917291,0.9982959625784065,0.038797115309153654,0_5
LIDC-IDRI-0943,1.70758498972754e-05,0.9999481044308336,3.3598613828406626e-07,0_5
LIDC-IDRI-0944,3.024746828576503e-07,0.9988091777201676,1.205285788438319e-08,0_5
LIDC-IDRI-0945,0.6312198733137052,0.9997394940144874,0.011958179529903109,0_5
LIDC-IDRI-0946,0.5003987034482662,0.9988993875980641,0.009711873091091465,0_5
LIDC-IDRI-0947,0.0004875161300924411,0.9997872541037883,9.694833039423193e-05,0_5
LIDC-IDRI-0949,0.2787115482811807,0.9995409697308187,0.021400729139816364,0_5
LIDC-IDRI-0950,0.0001814630667909937,0.9998039195915487,4.420414995772065e-06,0_5
LIDC-IDRI-0951,0.07374132112101268,0.9997629014930414,0.001582336388052751,0_5
LIDC-IDRI-0953,0.019589769494628453,0.9998129483959979,0.0006037795807097475,0_5
LIDC-IDRI-0955,1.686273057491e-07,0.9999227578897777,3.9716248097171225e-09,0_5
LIDC-IDRI-0956,0.0005954149317287308,0.99986651264147,2.8497030139448447e-05,0_5
LIDC-IDRI-0957,7.55051938057782e-08,0.9989830573403721,1.8763201800701598e-09,0_5
LIDC-IDRI-0958,0.11740865721109306,0.9993479382495981,0.005409142122453111,0_5
LIDC-IDRI-0959,7.223087996199267e-05,0.9999422931332126,1.5736323644464346e-06,0_5
LIDC-IDRI-0961,0.002292485608458988,0.9996557440192257,0.00013488361569792743,0_5
LIDC-IDRI-0962,0.04408978762806535,0.9994306513145329,0.0028626974348285564,0_5
LIDC-IDRI-0963,2.6263663114970824e-05,0.9999272047922924,4.3354020112610345e-07,0_5
LIDC-IDRI-0965,0.31472452210836277,0.999539713318729,0.015760769625145502,0_5
LIDC-IDRI-0966,0.0004086678758670774,0.9999473608252071,2.325504507956744e-05,0_5
LIDC-IDRI-0968,0.2532252914093359,0.9993139956933409,0.027389918241081983,0_5
LIDC-IDRI-0969,0.00040546582242143644,0.9997924218665338,1.508302940018178e-05,0_5
LIDC-IDRI-0971,9.214835187026951e-09,0.9999098361259392,4.813805701913567e-10,0_5
LIDC-IDRI-0972,0.001617076759308153,0.999742026372325,0.00018813504019960027,0_5
LIDC-IDRI-0973,0.06508650175527372,0.9995322664815092,0.008659405983964117,0_5
LIDC-IDRI-0974,0.16859839681828612,0.9995440952953398,0.012794932880871744,0_5
LIDC-IDRI-0976,1.2863324050823327e-05,0.9997581725459308,1.4043918564225593e-06,0_5
LIDC-IDRI-0977,3.1095494206132065e-08,0.9998805160440972,5.033215812242371e-10,0_5
LIDC-IDRI-0978,0.03377164906362365,0.9992129513803697,0.009880372488291546,0_5
LIDC-IDRI-0980,0.1285326659549557,0.9995580576504985,0.008999713413084986,0_5
LIDC-IDRI-0981,0.006754024411585595,0.999490842829714,0.00016497055689617201,0_5
LIDC-IDRI-0982,0.12905778160225362,0.9998449175265556,0.009596936516982872,0_5
LIDC-IDRI-0983,0.0025070132357266953,0.9996292186578778,6.793604307328873e-05,0_5
LIDC-IDRI-0984,0.00029712247543850197,0.9999161434138805,9.6765278511367e-06,0_5
LIDC-IDRI-0985,4.552268490762237e-08,0.9996361987073231,4.405199309385048e-09,0_5
LIDC-IDRI-0986,0.41916413204615427,0.9989637492666518,0.012775856750705408,0_5
LIDC-IDRI-0987,0.001780746247832961,0.9998973893738833,0.00011979565733680164,0_5
LIDC-IDRI-0989,1.1149072357573953e-07,0.9992805427598138,3.8536668275305667e-10,0_5
LIDC-IDRI-0990,5.09670946032396e-05,0.9988780950159434,1.8124414018836857e-06,0_5
LIDC-IDRI-0991,7.577177472649613e-06,0.9998757797761598,5.7057047518972327e-08,0_5
LIDC-IDRI-0993,0.6447135105819434,0.9997236794693333,0.016553077802569476,0_5
LIDC-IDRI-0994,0.09163537931777951,0.9997713134306364,0.018350108909714214,0_5
LIDC-IDRI-0996,9.437051665126785e-07,0.9991034250459199,1.1093938491489367e-08,0_5
LIDC-IDRI-0997,1.3323189118008083e-05,0.9995945130320971,1.0849459241488844e-06,0_5
LIDC-IDRI-0998,0.03793972950933801,0.9986282492189785,0.0032201401075788987,0_5
LIDC-IDRI-0999,0.00030383175566953087,0.9998472880413958,1.9172238811856665e-05,0_5
LIDC-IDRI-1000,0.14060544859285082,0.9996570651704296,0.022818297117592732,0_5
LIDC-IDRI-1001,9.778770969420922e-07,0.9992793239387773,1.0021707188750323e-08,0_5
LIDC-IDRI-1002,0.1672844309550979,0.9990122875695299,0.041256963954307994,0_5
LIDC-IDRI-1003,0.28628703384559806,0.9994971153721233,0.048570504763364615,0_5
LIDC-IDRI-1004,0.02677353967739276,0.9998224464647519,0.004339217003815455,0_5
LIDC-IDRI-1005,0.04517660606776688,0.9990095198922183,0.0017070604474257061,0_5
LIDC-IDRI-1006,0.0004502869131091082,0.9994230746277699,6.163968580776917e-06,0_5
LIDC-IDRI-1007,0.33666664255137213,0.9995826860668336,0.03225085639350602,0_5
LIDC-IDRI-1008,0.0003532933081311088,0.9995951919246954,3.971607840394854e-05,0_5
LIDC-IDRI-1009,1.6848301839946214e-05,0.9990235511859026,2.3594094061864678e-06,0_5
LIDC-IDRI-1010,0.0019090118892734157,0.9997297672520873,2.8290408143262333e-05,0_5
LIDC-IDRI-1011,0.39298991102688124,0.9994674409356451,0.05972791945438458,0_5
LIDC-IDRI-0926,1.0909953206019968e-05,0.9997584409855553,5.773143029871252e-07,0_6
LIDC-IDRI-0928,0.0006732777978087013,0.9997929586768829,2.5562135650285452e-05,0_6
LIDC-IDRI-0929,0.00023475613628582423,0.999650426197691,5.853128444343755e-06,0_6
LIDC-IDRI-0932,2.3478965545921633e-09,0.9996427168032116,9.630944394710642e-11,0_6
LIDC-IDRI-0933,0.08516302019889309,0.9995651694873501,0.01048248181114467,0_6
LIDC-IDRI-0935,0.10670940157724833,0.9993588563012392,0.011392248493406665,0_6
LIDC-IDRI-0936,0.10170763570732366,0.9999274865576917,0.011370306373509434,0_6
LIDC-IDRI-0938,0.17858014498134828,0.9997660675453641,0.005545274018968935,0_6
LIDC-IDRI-0939,0.039705494317261204,0.999879431227267,0.00465026081364173,0_6
LIDC-IDRI-0940,0.03731149543575082,0.9998572444329505,0.003209277097624819,0_6
LIDC-IDRI-0941,2.7329026166925772e-05,0.9999230015985241,7.841384161583956e-07,0_6
LIDC-IDRI-0942,0.35455455302713706,0.9982651039040793,0.035665453958966156,0_6
LIDC-IDRI-0943,1.5331588894568563e-05,0.999907413128001,2.4606901817368624e-07,0_6
LIDC-IDRI-0944,1.749804698209094e-07,0.9988956303554238,9.906203838080987e-09,0_6
LIDC-IDRI-0945,0.7131729977996782,0.9997345249712047,0.013102397801193887,0_6
LIDC-IDRI-0946,0.47914515388087414,0.9988098123177568,0.011647745261303282,0_6
LIDC-IDRI-0947,0.00024190530991509494,0.9998497280215363,5.033192362084035e-05,0_6
LIDC-IDRI-0949,0.23227557247217204,0.9995487322255155,0.022230893625118434,0_6
LIDC-IDRI-0950,0.00017219966746382759,0.9997801704749356,4.316701152547837e-06,0_6
LIDC-IDRI-0951,0.05462050624567815,0.999788927914004,0.0024200683204005733,0_6
LIDC-IDRI-0953,0.0010832079710815213,0.9998423373539466,3.909770098261004e-05,0_6
LIDC-IDRI-0955,1.2614281686473863e-05,0.9999352087809334,3.1667260655312545e-07,0_6
LIDC-IDRI-0956,0.00040578283905097837,0.9998692219711257,2.4041536512393434e-05,0_6
LIDC-IDRI-0957,1.7503493415691824e-08,0.9990334049955414,4.788219307756503e-10,0_6
LIDC-IDRI-0958,0.0171232055968679,0.999381088656251,0.0010673739017072357,0_6
LIDC-IDRI-0959,6.600720343385481e-05,0.9999541743180548,1.6321935104413935e-06,0_6
LIDC-IDRI-0961,0.0004278224401352679,0.9996953835642416,4.515996080154203e-05,0_6
LIDC-IDRI-0962,0.023454762193240018,0.9994210167933109,0.0020874049009422745,0_6
LIDC-IDRI-0963,5.882640152889363e-05,0.9999212670766827,1.1339510443338465e-06,0_6
LIDC-IDRI-0965,0.2253802312729119,0.9995925648274796,0.014130438784116746,0_6
LIDC-IDRI-0966,0.0001561194496708842,0.9999531531372711,1.1998678246961067e-05,0_6
LIDC-IDRI-0968,0.20015351027159897,0.9995088932534143,0.022123684262381666,0_6
LIDC-IDRI-0969,0.0001481240328576006,0.9998397245257242,6.293899949612196e-06,0_6
LIDC-IDRI-0971,9.057697419250756e-09,0.9999139493536034,4.5668845442237667e-10,0_6
LIDC-IDRI-0972,0.0020493473445773566,0.999729499076203,0.00026033630633473623,0_6
LIDC-IDRI-0973,0.041477138936921905,0.999557078520286,0.005322126198048004,0_6
LIDC-IDRI-0974,0.17873874947127805,0.9995177748933678,0.014882594813630365,0_6
LIDC-IDRI-0976,3.1057471026225197e-05,0.9997946809291877,4.107812564357407e-06,0_6
LIDC-IDRI-0977,3.1060393922642904e-07,0.9998689408488726,9.183461862337244e-09,0_6
LIDC-IDRI-0978,0.0482574224777798,0.9992180090019512,0.015905398999151887,0_6
LIDC-IDRI-0980,0.12445978225891673,0.9996140519601024,0.009329903534951755,0_6
LIDC-IDRI-0981,0.0029856316654486574,0.9994838724878734,7.479178390112568e-05,0_6
LIDC-IDRI-0982,0.11149034864257824,0.9998736083891356,0.008171527826124191,0_6
LIDC-IDRI-0983,0.0007373384258021939,0.9997483465957558,3.249607045800863e-05,0_6
LIDC-IDRI-0984,0.00014592053546378774,0.9999162303801855,5.049095227866499e-06,0_6
LIDC-IDRI-0985,2.1246063314498775e-08,0.9996474218535916,1.959967258094249e-09,0_6
LIDC-IDRI-0986,0.31409833251096125,0.9990564751341684,0.011899978426295211,0_6
LIDC-IDRI-0987,0.0006457688809660947,0.9998994655270523,4.549832538384208e-05,0_6
LIDC-IDRI-0989,2.8051801042058754e-08,0.9993965053469154,1.1646777708271154e-10,0_6
LIDC-IDRI-0990,1.4834085807947825e-05,0.9990867846499828,6.070538518422636e-07,0_6
LIDC-IDRI-0991,9.508642648825658e-06,0.9998566954525029,1.1108983107252465e-07,0_6
LIDC-IDRI-0993,0.6693062458138078,0.9997015730917576,0.014901447489212046,0_6
LIDC-IDRI-0994,0.06616910886676428,0.9998060398151779,0.014140171276247462,0_6
LIDC-IDRI-0996,7.332474393325821e-07,0.9991764163998155,2.8143882457918006e-09,0_6
LIDC-IDRI-0997,8.87878400212044e-06,0.9995037932436053,7.561719058871961e-07,0_6
LIDC-IDRI-0998,0.03428204960140326,0.998754061906652,0.002588690616356556,0_6
LIDC-IDRI-0999,0.0001401907105464459,0.9998626864228718,9.738818833789738e-06,0_6
LIDC-IDRI-1000,0.0783651488145473,0.999682010223176,0.014346648821330792,0_6
LIDC-IDRI-1001,2.497886676282083e-07,0.9993293936586108,5.011159351763114e-09,0_6
LIDC-IDRI-1002,0.17676814979491337,0.9991568270955797,0.050693034828220115,0_6
LIDC-IDRI-1003,0.2073864929427372,0.9994884709948898,0.034912084525934445,0_6
LIDC-IDRI-1004,0.09890424499235982,0.9998442880221928,0.014806621855155416,0_6
LIDC-IDRI-1005,0.03667510400675549,0.9991574668501974,0.00165249499294397,0_6
LIDC-IDRI-1006,0.00013801474850263154,0.9994857279020438,1.419154293094761e-06,0_6
LIDC-IDRI-1007,0.3152189696661646,0.9995923208066494,0.030955426245757384,0_6
LIDC-IDRI-1008,0.00015926753884214247,0.9996613235274753,2.8768641927339605e-05,0_6
LIDC-IDRI-1009,1.2754698781672917e-05,0.9991562384330949,1.8437081042741223e-06,0_6
LIDC-IDRI-1010,0.0006646618099134011,0.9997415370888404,1.032768628744865e-05,0_6
LIDC-IDRI-1011,0.3412653837371037,0.9994802457547226,0.06021161698556019,0_6
LIDC-IDRI-0926,2.0509829882874564e-06,0.9998525389251735,1.0870016412539545e-07,0_7
LIDC-IDRI-0928,0.00026601993544712275,0.9998744378125138,8.049172188244666e-06,0_7
LIDC-IDRI-0929,4.288383515934913e-05,0.9998324878907203,1.3233363036972163e-06,0_7
LIDC-IDRI-0932,8.489645332271637e-09,0.9998238115906343,3.5145880961259034e-10,0_7
LIDC-IDRI-0933,0.08899494422705315,0.9997703728699772,0.01080991592247132,0_7
LIDC-IDRI-0935,0.12885021996275328,0.9997270757158515,0.016663812461514108,0_7
LIDC-IDRI-0936,0.09268434258589534,0.99996572970798,0.009988031580933896,0_7
LIDC-IDRI-0938,0.2521475714365709,0.9999155672392813,0.009608893017443797,0_7
LIDC-IDRI-0939,0.0029874968999366786,0.9999367547113805,0.0003969841845725746,0_7
LIDC-IDRI-0940,0.038866595878643564,0.999910502215261,0.0034355988928180927,0_7
LIDC-IDRI-0941,4.283578236009308e-06,0.9999232470502385,1.208428263732429e-07,0_7
LIDC-IDRI-0942,0.2719735332777704,0.9992734913927138,0.03453622549375292,0_7
LIDC-IDRI-0943,3.720259753791405e-06,0.9999596147237578,6.495778649093369e-08,0_7
LIDC-IDRI-0944,3.4110127054617236e-07,0.999349128024079,2.2234090977776163e-08,0_7
LIDC-IDRI-0945,0.7125983422494557,0.9997959245011064,0.01267144187310623,0_7
LIDC-IDRI-0946,0.31769151284195496,0.999469872289664,0.01038637597095101,0_7
LIDC-IDRI-0947,0.0005456461549889748,0.9999068412597121,0.00012123315580757556,0_7
LIDC-IDRI-0949,0.22353175072727652,0.9998064992331014,0.02150430822309618,0_7
LIDC-IDRI-0950,0.0002126232934294622,0.9999265367040745,5.493516925243802e-06,0_7
LIDC-IDRI-0951,0.05892067420762564,0.9998608254208132,0.0019012922663583377,0_7
LIDC-IDRI-0953,0.00934651805051571,0.9999073580805554,0.00033510888624865826,0_7
LIDC-IDRI-0955,8.740763210077964e-06,0.9999647035071927,2.1558216982631805e-07,0_7
LIDC-IDRI-0956,0.000693257224061825,0.999911361680018,4.0197102773627406e-05,0_7
LIDC-IDRI-0957,2.100744182562643e-08,0.9995282833374424,8.299306175202676e-10,0_7
LIDC-IDRI-0958,0.03430269785658724,0.9998076780630677,0.002362838125967151,0_7
LIDC-IDRI-0959,6.63331765104023e-05,0.9999702114400402,1.3591454097860526e-06,0_7
LIDC-IDRI-0961,0.019833401802897395,0.9998432577320814,0.0031675871028126177,0_7
LIDC-IDRI-0962,0.025272702359057247,0.9997478362894389,0.002390659465259334,0_7
LIDC-IDRI-0963,6.6780886325983e-05,0.9999527812446743,1.297714040548001e-06,0_7
LIDC-IDRI-0965,0.24112538555447732,0.9998313212606563,0.015043829935933688,0_7
LIDC-IDRI-0966,0.00021863484192204024,0.9999662271697547,1.4535621540090131e-05,0_7
LIDC-IDRI-0968,0.08878038314103424,0.9997372405556527,0.010254102542466271,0_7
LIDC-IDRI-0969,0.00019848301382405963,0.999915206222836,8.568717841880444e-06,0_7
LIDC-IDRI-0971,1.4754845898677566e-08,0.9999504343830729,8.686637699879268e-10,0_7
LIDC-IDRI-0972,0.004652891741720265,0.9998673483505539,0.0006422823202958641,0_7
LIDC-IDRI-0973,0.010129056441262977,0.9998270703171546,0.0018068486620215942,0_7
LIDC-IDRI-0974,0.1688041533639497,0.9997759661401657,0.014429710153370428,0_7
LIDC-IDRI-0976,1.77904971738771e-05,0.9998241703893072,2.099090545088461e-06,0_7
LIDC-IDRI-0977,1.3358875600306963e-07,0.9999314805607782,3.823754573709152e-09,0_7
LIDC-IDRI-0978,0.054583775705800114,0.999621084691671,0.016712008620547694,0_7
LIDC-IDRI-0980,0.09204770588565564,0.9997916122179363,0.010318351691650175,0_7
LIDC-IDRI-0981,0.00564134715946012,0.9997199877755277,0.00014135098509142176,0_7
LIDC-IDRI-0982,0.11138894099326561,0.9998701809539564,0.008583721088096186,0_7
LIDC-IDRI-0983,0.0006264189225741618,0.9998201725227447,2.8039271600487045e-05,0_7
LIDC-IDRI-0984,0.0002009351878502727,0.9999670954391467,7.139069017003317e-06,0_7
LIDC-IDRI-0985,5.34862855597982e-09,0.999857157962905,5.347037450938189e-10,0_7
LIDC-IDRI-0986,0.3515134107620786,0.9995342676713499,0.014108373335055263,0_7
LIDC-IDRI-0987,0.0006657422619807537,0.9999625239588541,4.8960703951447785e-05,0_7
LIDC-IDRI-0989,2.1964294194538488e-07,0.9997269067704634,4.462934341211662e-09,0_7
LIDC-IDRI-0990,3.55332520090773e-05,0.9993897954403882,1.016955878507172e-06,0_7
LIDC-IDRI-0991,1.1803195954087722e-05,0.999932767314508,1.1567486827978151e-07,0_7
LIDC-IDRI-0993,0.5841101714382637,0.9998473574861214,0.01746980155885257,0_7
LIDC-IDRI-0994,0.08638656478831938,0.9998576025579533,0.01702732283680512,0_7
LIDC-IDRI-0996,1.609076262721535e-07,0.9995818973656324,3.116763251993755e-09,0_7
LIDC-IDRI-0997,6.604702725441981e-07,0.9998578089481437,5.625813249132835e-08,0_7
LIDC-IDRI-0998,0.0332728280678656,0.9992425167349211,0.003148808952394861,0_7
LIDC-IDRI-0999,0.00021114137246284822,0.9999158544944932,1.66033148264802e-05,0_7
LIDC-IDRI-1000,0.13881823653801956,0.9998644592580183,0.02341915682589839,0_7
LIDC-IDRI-1001,9.78795978090475e-07,0.9997263542030348,5.668520955994333e-08,0_7
LIDC-IDRI-1002,0.1092409508027726,0.999576437731681,0.03240222688588557,0_7
LIDC-IDRI-1003,0.20620647545625176,0.9997648215101305,0.03984212543481767,0_7
LIDC-IDRI-1004,0.06983483393057545,0.999898719907225,0.011101942482665798,0_7
LIDC-IDRI-1005,2.708922097869191e-05,0.9995970057284438,2.900516970674754e-06,0_7
LIDC-IDRI-1006,0.00021818929528420535,0.9997723199066885,8.391897219462693e-06,0_7
LIDC-IDRI-1007,0.3586481554678107,0.9998490369844234,0.03469330678774679,0_7
LIDC-IDRI-1008,1.2298829267542154e-05,0.9997027908295147,8.771833294433549e-07,0_7
LIDC-IDRI-1009,2.7794490224046553e-06,0.9995029236939774,4.592318539956449e-07,0_7
LIDC-IDRI-1010,0.0007052171412150252,0.9998491388737352,1.054503830746931e-05,0_7
LIDC-IDRI-1011,0.401875194980991,0.9997469478898638,0.06983967584292147,0_7
LIDC-IDRI-0926,4.48088606088066e-06,0.9997868238639646,2.371144415619864e-07,0_8
LIDC-IDRI-0928,0.0016731784498033558,0.9995938228163185,4.570175719813986e-05,0_8
LIDC-IDRI-0929,0.0001066834553638222,0.9995749411689991,2.201257170792356e-06,0_8
LIDC-IDRI-0932,3.701780700619728e-08,0.9996256521657592,1.509474699460093e-09,0_8
LIDC-IDRI-0933,0.10132139664563335,0.9995224788178722,0.01161775542104692,0_8
LIDC-IDRI-0935,0.2039875913480022,0.9992959350427211,0.016131280520526262,0_8
LIDC-IDRI-0936,0.18184456199506827,0.9998505160882717,0.01579626389881269,0_8
LIDC-IDRI-0938,0.31992192953438064,0.9996650848746648,0.00823376250536883,0_8
LIDC-IDRI-0939,0.026796109778543225,0.9997316966100089,0.00323434813910496,0_8
LIDC-IDRI-0940,0.06837786553519637,0.9998456455099768,0.0051712552569845305,0_8
LIDC-IDRI-0941,3.116200417502829e-05,0.9998442792022999,8.087421387111503e-07,0_8
LIDC-IDRI-0942,0.38134455403793616,0.9981079098900457,0.02441034286590158,0_8
LIDC-IDRI-0943,3.801791900083465e-06,0.9999082747766055,6.722896356577434e-08,0_8
LIDC-IDRI-0944,2.5416579513008544e-06,0.9986264566186858,6.241326606947256e-08,0_8
LIDC-IDRI-0945,0.7315759766040271,0.9995132420552245,0.010203917348243018,0_8
LIDC-IDRI-0946,0.7175637230660288,0.9986236491501577,0.012391111171035122,0_8
LIDC-IDRI-0947,0.0004052154299835813,0.9998234623619657,7.709284502769319e-05,0_8
LIDC-IDRI-0949,0.26058233832883726,0.9994875351152442,0.0237324174617867,0_8
LIDC-IDRI-0950,0.0013002010398043067,0.9997291197353813,2.637340850342549e-05,0_8
LIDC-IDRI-0951,0.06976313129914506,0.9996875587999698,0.0018049662040289136,0_8
LIDC-IDRI-0953,0.04510162597808824,0.9997968840024347,0.0009758484417626344,0_8
LIDC-IDRI-0955,3.4738291836596135e-06,0.9999157559618849,7.262623443139116e-08,0_8
LIDC-IDRI-0956,0.0028679068473171513,0.9998247546795069,0.00014741292723357015,0_8
LIDC-IDRI-0957,9.339814667929222e-08,0.9990976902538937,7.345916700335923e-10,0_8
LIDC-IDRI-0958,0.23020874414967193,0.9991987704125145,0.0063861543407131485,0_8
LIDC-IDRI-0959,0.00017109224728356978,0.9999314275333063,2.6845740082702944e-06,0_8
LIDC-IDRI-0961,0.0017962435455643553,0.9995283280917885,0.0001374669612696422,0_8
LIDC-IDRI-0962,0.029469460367518456,0.9993978026550878,0.0021042498279319364,0_8
LIDC-IDRI-0963,7.43976521930971e-05,0.9998957984875253,6.932400093018788e-07,0_8
LIDC-IDRI-0965,0.3582093395789164,0.9994999415746817,0.015614108168060276,0_8
LIDC-IDRI-0966,0.00036530744775959475,0.9999078678827621,1.4583744778469987e-05,0_8
LIDC-IDRI-0968,0.25320714865430916,0.9992749732866082,0.02571495311887188,0_8
LIDC-IDRI-0969,0.0002648918662839629,0.9996771105337972,8.567162277905604e-06,0_8
LIDC-IDRI-0971,6.439530686774726e-08,0.9999099149584003,3.4113157228311958e-09,0_8
LIDC-IDRI-0972,0.050686685652369466,0.9995883437762796,0.004337323111552191,0_8
LIDC-IDRI-0973,0.10471489683633643,0.9995204167593558,0.01231802736916459,0_8
LIDC-IDRI-0974,0.2197067354260242,0.9994285552574977,0.015532305396776884,0_8
LIDC-IDRI-0976,7.218645263916458e-06,0.999672641519966,6.149406453493572e-07,0_8
LIDC-IDRI-0977,9.519696028360481e-07,0.9998474842315286,2.0093473988169275e-08,0_8
LIDC-IDRI-0978,0.0775395882489268,0.9990191755311819,0.020347650641808077,0_8
LIDC-IDRI-0980,0.2634906165577544,0.9994199125105244,0.012783580562108295,0_8
LIDC-IDRI-0981,0.010800138759431034,0.9994427429160722,0.00025861715068556124,0_8
LIDC-IDRI-0982,0.14949415590786605,0.9997615101392652,0.009674018815944088,0_8
LIDC-IDRI-0983,0.00046260222785622076,0.9994968174467972,1.1789869793804877e-05,0_8
LIDC-IDRI-0984,0.00023870114651589492,0.9998182421043218,8.021242331512084e-06,0_8
LIDC-IDRI-0985,7.495960643687507e-07,0.9994148665707809,6.481044784566813e-08,0_8
LIDC-IDRI-0986,0.5242827082828755,0.999074909417856,0.013329862438393248,0_8
LIDC-IDRI-0987,0.0017722038290149498,0.9998355369722054,0.00011704241168498934,0_8
LIDC-IDRI-0989,2.1373929983155245e-07,0.9993122448591139,8.024153371632321e-10,0_8
LIDC-IDRI-0990,0.0002714212899642437,0.9989407551462327,4.758669113956268e-06,0_8
LIDC-IDRI-0991,4.366129358906358e-06,0.9998522434119466,3.5670804972643664e-08,0_8
LIDC-IDRI-0993,0.6391804638024595,0.9996991374045868,0.01696925561512312,0_8
LIDC-IDRI-0994,0.0837042084918823,0.9997492654457018,0.01638508214397542,0_8
LIDC-IDRI-0996,3.9340117893143756e-07,0.9991904263792392,1.7919893382125048e-09,0_8
LIDC-IDRI-0997,5.996578102743918e-05,0.9994326906092573,4.830602057961781e-06,0_8
LIDC-IDRI-0998,0.03691994610165497,0.9986966906488791,0.0034398182638120185,0_8
LIDC-IDRI-0999,0.0002700862255145633,0.9998165813488008,1.8961351623185985e-05,0_8
LIDC-IDRI-1000,0.15850197857491838,0.9995498136190796,0.025637357293519413,0_8
LIDC-IDRI-1001,1.9881860241878685e-06,0.9992037049528762,2.7748128967551143e-08,0_8
LIDC-IDRI-1002,0.2878199559674403,0.9988929814087492,0.06221531586832246,0_8
LIDC-IDRI-1003,0.24498146439084567,0.9993728285615677,0.04267290405228386,0_8
LIDC-IDRI-1004,0.05406070390918564,0.9997762650427525,0.00840180369654181,0_8
LIDC-IDRI-1005,0.0708115555107112,0.9989959807647742,0.0016789741444534119,0_8
LIDC-IDRI-1006,0.0002854260726903845,0.9992744285156998,6.1410766743910965e-06,0_8
LIDC-IDRI-1007,0.42581536153544114,0.9995475666091105,0.0359666793469778,0_8
LIDC-IDRI-1008,0.00028562913082216216,0.9994903980918612,2.4553518240913355e-05,0_8
LIDC-IDRI-1009,2.3265512146404765e-05,0.9989653764055021,2.855946504832679e-06,0_8
LIDC-IDRI-1010,0.002036855103959746,0.9997545694580177,2.8506955322592403e-05,0_8
LIDC-IDRI-1011,0.4142707856108636,0.999422719500524,0.05977654072839667,0_8
LIDC-IDRI-0926,9.047971112843499e-06,0.9998413187108136,4.803770930086331e-07,0_9
LIDC-IDRI-0928,0.0023022779569258573,0.9998291659898308,3.443690064050788e-05,0_9
LIDC-IDRI-0929,9.638161590788367e-05,0.9998328934400998,2.6954320560311254e-06,0_9
LIDC-IDRI-0932,5.6090974163576946e-08,0.9997864906460504,2.2523385092794735e-09,0_9
LIDC-IDRI-0933,0.12960473768042405,0.9997938883423323,0.01364740828362228,0_9
LIDC-IDRI-0935,0.2039781920950695,0.9996799695194256,0.018570879539058515,0_9
LIDC-IDRI-0936,0.19296370855519332,0.9999350874692005,0.019707914266528924,0_9
LIDC-IDRI-0938,0.35295966846779486,0.9998437260025432,0.012777067801509829,0_9
LIDC-IDRI-0939,0.07190578917519214,0.9999079780523662,0.008116428818199137,0_9
LIDC-IDRI-0940,0.07811332248773181,0.999906361921476,0.006460153110599807,0_9
LIDC-IDRI-0941,0.0002244096590257621,0.9998852163084829,6.374621320983741e-06,0_9
LIDC-IDRI-0942,0.299694976187791,0.9989656714022757,0.030948311659569495,0_9
LIDC-IDRI-0943,1.8110438017621606e-08,0.999943937406202,1.967676920781461e-10,0_9
LIDC-IDRI-0944,1.6422443185437487e-08,0.9992196604912884,1.1164169531188994e-09,0_9
LIDC-IDRI-0945,0.6138229281488771,0.9998101749352524,0.011778775576408216,0_9
LIDC-IDRI-0946,0.5594250062626591,0.9993015063832444,0.013823653074529898,0_9
LIDC-IDRI-0947,0.0005118666804902867,0.9999262341254678,0.00011297470674902445,0_9
LIDC-IDRI-0949,0.3213453702924799,0.9997335185665587,0.025933013946235667,0_9
LIDC-IDRI-0950,0.0018610795546254103,0.9998847966761143,3.385772240170184e-05,0_9
LIDC-IDRI-0951,0.04992172611601134,0.9998160852171772,0.0015230535914426296,0_9
LIDC-IDRI-0953,0.048754870334488956,0.9998854188926728,0.0011882094944063067,0_9
LIDC-IDRI-0955,1.7923052234393363e-05,0.9999512462153111,4.542159438808636e-07,0_9
LIDC-IDRI-0956,0.01662110836790916,0.9999302163783542,0.000668650762866215,0_9
LIDC-IDRI-0957,5.7818500334054444e-08,0.9995176083356653,3.7592924855882114e-10,0_9
LIDC-IDRI-0958,0.4641757951684041,0.9997385184899235,0.009885773424227995,0_9
LIDC-IDRI-0959,8.59258521580678e-05,0.9999670714633836,2.183404741171891e-06,0_9
LIDC-IDRI-0961,0.001360523229362859,0.9998462036374082,0.0003788368434047902,0_9
LIDC-IDRI-0962,0.03916793467134022,0.9996760586338648,0.003319443099907267,0_9
LIDC-IDRI-0963,9.624239394545963e-05,0.9999220438729833,8.070747739105415e-07,0_9
LIDC-IDRI-0965,0.379272233818983,0.9997521281389117,0.018830860857822006,0_9
LIDC-IDRI-0966,0.00015841605545292639,0.9999406370515809,1.152763118298225e-05,0_9
LIDC-IDRI-0968,0.16358277948064714,0.9997058157837879,0.017589181279343096,0_9
LIDC-IDRI-0969,0.0002179327032142845,0.999862815336658,8.350696496700381e-06,0_9
LIDC-IDRI-0971,6.434411185822785e-09,0.9999518233344132,3.832903616158491e-10,0_9
LIDC-IDRI-0972,0.04111116776041893,0.9999040442661816,0.004252449180163781,0_9
LIDC-IDRI-0973,0.04291226690826329,0.9998160844598861,0.006510314317197799,0_9
LIDC-IDRI-0974,0.27887598058773555,0.9996725002188573,0.021239170094905557,0_9
LIDC-IDRI-0976,2.6589387393255572e-05,0.9997689533075321,2.6465791108564973e-06,0_9
LIDC-IDRI-0977,6.353224608995065e-08,0.9999309831858786,1.6793098444682034e-09,0_9
LIDC-IDRI-0978,0.01420790361246987,0.9996366803355353,0.003957981326936907,0_9
LIDC-IDRI-0980,0.19269316822309107,0.9997645473813126,0.016116873105088643,0_9
LIDC-IDRI-0981,0.004975681834189352,0.9997110973233252,0.0001260888614141289,0_9
LIDC-IDRI-0982,0.1354243466771771,0.9998644370767846,0.008899522027063282,0_9
LIDC-IDRI-0983,0.0011816758114010825,0.9997259892222407,3.600788921269145e-05,0_9
LIDC-IDRI-0984,0.00010990416632609913,0.999935888572451,3.8344162540563675e-06,0_9
LIDC-IDRI-0985,7.059706704430144e-08,0.9997581088496337,4.133046336944605e-09,0_9
LIDC-IDRI-0986,0.312381856778729,0.9995602172235648,0.01190375493618092,0_9
LIDC-IDRI-0987,0.0008512748693770894,0.999948457100064,5.962832738211099e-05,0_9
LIDC-IDRI-0989,1.266454706965011e-07,0.9995998740532398,1.3550088072560365e-09,0_9
LIDC-IDRI-0990,1.4046337338472181e-05,0.9994038484402953,5.15450785149077e-07,0_9
LIDC-IDRI-0991,7.285433016960667e-06,0.9999168292538824,3.676641147876606e-08,0_9
LIDC-IDRI-0993,0.6097068634453375,0.9998193281641977,0.01964764716070586,0_9
LIDC-IDRI-0994,0.08004530161136465,0.9997888215407206,0.016027606192879032,0_9
LIDC-IDRI-0996,2.7786021010672366e-07,0.9995376917368753,4.1896252447324e-09,0_9
LIDC-IDRI-0997,4.6072908834995944e-05,0.9998320014335897,3.930033537234581e-06,0_9
LIDC-IDRI-0998,0.016668543355677433,0.9992541712695409,0.0024787069424053805,0_9
LIDC-IDRI-0999,0.0003243203790385713,0.9998903922343925,2.4503582894285366e-05,0_9
LIDC-IDRI-1000,0.14803269861249232,0.9998581498994334,0.025602201054549842,0_9
LIDC-IDRI-1001,5.514955142809146e-07,0.9995868215716001,2.2432534380488596e-08,0_9
LIDC-IDRI-1002,0.25811154590912405,0.9996265285174513,0.06553887773516924,0_9
LIDC-IDRI-1003,0.20985721400801802,0.9996888906415109,0.03893103705190981,0_9
LIDC-IDRI-1004,0.04457227397343318,0.9998632472898,0.007042085268138938,0_9
LIDC-IDRI-1005,0.07747007184118443,0.9994031354006481,0.0015602537517688873,0_9
LIDC-IDRI-1006,0.0005212971877286224,0.9995941214347592,1.5916771830526146e-05,0_9
LIDC-IDRI-1007,0.38725832088757894,0.9997979754294708,0.035107431168512844,0_9
LIDC-IDRI-1008,0.0020856047711871957,0.9996686493581262,0.00043470190848420357,0_9
LIDC-IDRI-1009,1.2475193718063826e-05,0.9993890830866764,1.8436540883588586e-06,0_9
LIDC-IDRI-1010,0.0008528109625018285,0.9998718644640635,1.2761497539877113e-05,0_9
LIDC-IDRI-1011,0.37621100730562734,0.9997580666747707,0.0661649198653444,0_9
LIDC-IDRI-0926,1.2203093132679315e-05,0.9996842013540232,6.433276660924118e-07,1
LIDC-IDRI-0928,0.0003017373224395692,0.9997672691027495,8.592898076441325e-06,1
LIDC-IDRI-0929,0.0007386990017386849,0.9996690318127784,1.7631064244359017e-05,1
LIDC-IDRI-0932,2.8966020138794776e-07,0.999625561704546,3.4386774518321806e-09,1
LIDC-IDRI-0933,0.10974368189373632,0.9996780119846629,0.013891831330379406,1
LIDC-IDRI-0935,0.27989911688028607,0.999603994055608,0.023103576056631103,1
LIDC-IDRI-0936,0.23295382511626608,0.9998226608800004,0.022655578415236622,1
LIDC-IDRI-0938,0.4639621174100615,0.9996917043169632,0.014234448291638668,1
LIDC-IDRI-0939,0.36020245088277053,0.999812737700363,0.025592636357316314,1
LIDC-IDRI-0940,0.06173263570338197,0.999843691769532,0.005408039958936864,1
LIDC-IDRI-0941,0.05709121411014836,0.9998374878937194,0.0013786907070924947,1
LIDC-IDRI-0942,0.3686365445812937,0.9991384257648658,0.030629342905899963,1
LIDC-IDRI-0943,5.049302674519968e-06,0.9998270085865859,1.782423097860522e-08,1
LIDC-IDRI-0944,1.4280618799927862e-06,0.9992670287028028,9.765244168717736e-08,1
LIDC-IDRI-0945,0.7815215648089443,0.9997278225772919,0.012093912828057591,1
LIDC-IDRI-0946,0.4941180743152126,0.9993064949994531,0.011253863224944144,1
LIDC-IDRI-0947,0.014319613573382546,0.999836524082887,0.0022784271872110158,1
LIDC-IDRI-0949,0.48869857846577464,0.9997346198900618,0.03581870475111207,1
LIDC-IDRI-0950,0.000295115534484043,0.9998488885070393,2.2380720602433975e-06,1
LIDC-IDRI-0951,0.06753376307821349,0.9996679279114604,0.0009080960877680966,1
LIDC-IDRI-0953,0.05359886741097203,0.9995517281093372,0.00041309767184828937,1
LIDC-IDRI-0955,4.742371730536092e-05,0.9997608306216748,5.723483924132869e-07,1
LIDC-IDRI-0956,0.00866248968900017,0.999819139344499,0.0001521240957049459,1
LIDC-IDRI-0957,3.074569497982086e-07,0.9992666115497206,6.749276832826978e-09,1
LIDC-IDRI-0958,0.43899627767032995,0.9995488032569373,0.007614377260224492,1
LIDC-IDRI-0959,0.0002224746576460616,0.9999039589738997,4.767623845256604e-06,1
LIDC-IDRI-0961,0.014561139885856838,0.9998315958460289,0.003649131049206483,1
LIDC-IDRI-0962,0.0922145311764219,0.9996927246899471,0.006929604619997107,1
LIDC-IDRI-0963,0.00032189889410775776,0.9997666657403226,5.6860955827254515e-06,1
LIDC-IDRI-0965,0.4005904277879495,0.9996585639012003,0.017665570703963147,1
LIDC-IDRI-0966,0.0008594827294717977,0.9998125095270858,7.871613942982644e-06,1
LIDC-IDRI-0968,0.04584652830641963,0.9996224656497082,0.005438527789678608,1
LIDC-IDRI-0969,3.2624086145281566e-05,0.999765064298653,8.246904187225883e-07,1
LIDC-IDRI-0971,3.313293520180902e-12,0.9998504339424821,1.6780610168184584e-13,1
LIDC-IDRI-0972,0.07992425996635968,0.9997525192236553,0.002355085519480695,1
LIDC-IDRI-0973,0.08356951858308113,0.9996185834946548,0.010027529235848695,1
LIDC-IDRI-0974,0.4068671173553254,0.9995483224516724,0.02450026438980314,1
LIDC-IDRI-0976,0.015849672646772534,0.9994643880428209,0.0016914190000908804,1
LIDC-IDRI-0977,1.2619105320127867e-07,0.999798760839624,3.2907881529602224e-09,1
LIDC-IDRI-0978,0.033882503475370064,0.9993768721453173,0.01238607723817073,1
LIDC-IDRI-0980,0.20573599420947897,0.999613523985485,0.015396341324175871,1
LIDC-IDRI-0981,0.08303133933803451,0.9993985474781316,0.001502990454367959,1
LIDC-IDRI-0982,0.15388829750745894,0.999750841887376,0.00883836188886291,1
LIDC-IDRI-0983,0.001053190982218618,0.9992806041022825,2.9312672181559643e-05,1
LIDC-IDRI-0984,0.00010964986420797964,0.9998646080517875,3.3972382766913002e-06,1
LIDC-IDRI-0985,0.0001232923648532979,0.9996703075389828,3.827417807727364e-06,1
LIDC-IDRI-0986,0.2949445281656886,0.9992529358975251,0.01007031954400647,1
LIDC-IDRI-0987,0.00027386768306813494,0.999645151087831,3.69774559335548e-06,1
LIDC-IDRI-0989,2.633089391129362e-07,0.9993191526936569,5.781976173560386e-10,1
LIDC-IDRI-0990,2.8640331601896075e-05,0.9991951627882617,8.008778212604117e-07,1
LIDC-IDRI-0991,5.234224954650437e-05,0.9997746304957457,4.776897732815472e-07,1
LIDC-IDRI-0993,0.6337642752565373,0.9996738516211991,0.019063475081029894,1
LIDC-IDRI-0994,0.12969325374503662,0.9996989706804568,0.021766377204114465,1
LIDC-IDRI-0996,7.38727789404417e-06,0.9995285757111619,5.5830576416689463e-08,1
LIDC-IDRI-0997,9.811104097166338e-05,0.9995728817477572,2.448651028630173e-06,1
LIDC-IDRI-0998,0.016024199175393574,0.9992414954152959,0.0018359389725704938,1
LIDC-IDRI-0999,0.00013967575037464176,0.9997702184903562,9.628601708210016e-06,1
LIDC-IDRI-1000,0.1658098978898025,0.9996252994682009,0.026644374185724042,1
LIDC-IDRI-1001,0.00025349035808652293,0.9995649109327253,6.40666538416928e-06,1
LIDC-IDRI-1002,0.34714359385246596,0.9993361297038437,0.07822676943147663,1
LIDC-IDRI-1003,0.2809782170387309,0.9995093201490255,0.05603388647214066,1
LIDC-IDRI-1004,0.1671011986293765,0.999652018528349,0.019028574284024338,1
LIDC-IDRI-1005,0.024328964105594385,0.9993644466186368,0.00046316360032178387,1
LIDC-IDRI-1006,7.673324550803474e-05,0.9995326411026907,1.4156640474019053e-06,1
LIDC-IDRI-1007,0.3623364745967669,0.9996605628626558,0.028925067351835556,1
LIDC-IDRI-1008,0.0002132059634030909,0.9995839330515901,1.619765157085546e-05,1
LIDC-IDRI-1009,0.0030425886628054847,0.999084150736783,0.00035226340698240775,1
LIDC-IDRI-1010,0.003379668346597565,0.9998649100836604,5.125983537430582e-05,1
LIDC-IDRI-1011,0.3660733690086416,0.9995746111350858,0.06944910730524369,1
LIDC-IDRI-0926,2.262480807081514e-05,0.9997898599238244,1.166812486619864e-06,sequential
LIDC-IDRI-0928,0.000820350662265614,0.9996914802296987,1.6663420895309663e-05,sequential
LIDC-IDRI-0929,0.00035022791206243046,0.9997746188526119,2.1781815873145825e-06,sequential
LIDC-IDRI-0932,1.637769584376881e-09,0.9996329296237175,6.675531282354656e-11,sequential
LIDC-IDRI-0933,0.13831856030561043,0.9993492404841317,0.009945941349269316,sequential
LIDC-IDRI-0935,0.15559637057478215,0.9994572425878124,0.020583410884116485,sequential
LIDC-IDRI-0936,0.030178442070070297,0.9996244985854172,0.0032964619894291225,sequential
LIDC-IDRI-0938,0.00192745226260414,0.999508334491407,6.27135692876409e-05,sequential
LIDC-IDRI-0939,0.00984524636111143,0.9997793906202767,0.0010605855329670563,sequential
LIDC-IDRI-0940,0.05487699160546764,0.9997902344807762,0.0033208307044599776,sequential
LIDC-IDRI-0941,1.1032730740813876e-05,0.9997498575036322,1.5868379563412027e-07,sequential
LIDC-IDRI-0942,0.33918997260314765,0.9988429948317263,0.02565505388572368,sequential
LIDC-IDRI-0943,0.0002407506995996553,0.9997673641051011,2.356012993165056e-06,sequential
LIDC-IDRI-0944,7.633831381680573e-07,0.9989325596387159,4.6319859506194544e-08,sequential
LIDC-IDRI-0945,0.6579684237242687,0.9997182515613758,0.010903243886825172,sequential
LIDC-IDRI-0946,0.3230147265082125,0.9992803880395112,0.01211785388501575,sequential
LIDC-IDRI-0947,0.0024757137393411313,0.9997250393663857,0.0002324073234661108,sequential
LIDC-IDRI-0949,0.18523202549256204,0.9996271051169601,0.017547874362602977,sequential
LIDC-IDRI-0950,0.0005029673250160338,0.9998628843790606,6.4577212426130975e-06,sequential
LIDC-IDRI-0951,0.09000907287362042,0.9997577117676233,0.0010294020141181973,sequential
LIDC-IDRI-0953,0.002788930446020333,0.9997609958904284,4.237154542050619e-05,sequential
LIDC-IDRI-0955,8.849014057332939e-07,0.9997093794618249,7.412783980590953e-09,sequential
LIDC-IDRI-0956,0.018522131756593233,0.9997891818135842,0.0006075244973259246,sequential
LIDC-IDRI-0957,5.9264088850837034e-06,0.9994430255819818,1.2220592558500804e-07,sequential
LIDC-IDRI-0958,0.17007411608709685,0.9996305521886819,0.007332441352488367,sequential
LIDC-IDRI-0959,5.391186186449859e-05,0.9998339855448267,1.0292085596646077e-06,sequential
LIDC-IDRI-0961,0.0006629133223635368,0.9996990125992479,0.00014910516759735065,sequential
LIDC-IDRI-0962,0.00965491625208114,0.9995331236109858,0.0009789065959756875,sequential
LIDC-IDRI-0963,2.361554175409817e-05,0.9997072069907363,1.5592360247637702e-07,sequential
LIDC-IDRI-0965,0.18191122793122055,0.999611569955468,0.008824057732703304,sequential
LIDC-IDRI-0966,0.006038377935675552,0.999772512874829,0.00018370382802652922,sequential
LIDC-IDRI-0968,0.2608069364685287,0.9992728363840823,0.028181642467309094,sequential
LIDC-IDRI-0969,0.005122392898651402,0.9996601993657458,7.697226362191281e-05,sequential
LIDC-IDRI-0971,1.3628542351501594e-08,0.9997426554279708,6.783587704121725e-10,sequential
LIDC-IDRI-0972,4.841640956272543e-05,0.9998340276553276,4.493806125301416e-06,sequential
LIDC-IDRI-0973,0.001632078747465918,0.9994927598704972,0.0003173299126904094,sequential
LIDC-IDRI-0974,0.07400665082446103,0.999662444325646,0.007661697784105641,sequential
LIDC-IDRI-0976,2.4301432905395135e-05,0.9998098038898809,2.2125445219055752e-06,sequential
LIDC-IDRI-0977,1.998861208429618e-06,0.9997906513095972,2.3383423243048664e-08,sequential
LIDC-IDRI-0978,0.03361774839483439,0.9989591996216045,0.01337452717494065,sequential
LIDC-IDRI-0980,0.018646991477024866,0.9996694644003785,0.0025178447985281446,sequential
LIDC-IDRI-0981,0.001992369003050163,0.999627819782871,3.537048452904386e-05,sequential
LIDC-IDRI-0982,0.11862703351357796,0.9996886879034751,0.006506389704329659,sequential
LIDC-IDRI-0983,0.0032078715804382154,0.9997517202986461,0.0001366629998617745,sequential
LIDC-IDRI-0984,0.0008926068459094263,0.9997557502492839,1.4334815576107716e-05,sequential
LIDC-IDRI-0985,8.057704341593739e-07,0.9996777304359482,6.595263375878593e-08,sequential
LIDC-IDRI-0986,0.38576542500243355,0.9992209075516406,0.012140565283561666,sequential
LIDC-IDRI-0987,0.0025824550275256107,0.9997092991740101,5.8481014535918785e-05,sequential
LIDC-IDRI-0989,4.402282023165447e-07,0.9993675329138334,2.438290505900349e-09,sequential
LIDC-IDRI-0990,2.2578908756535194e-06,0.9992157382322707,1.0643674993885024e-07,sequential
LIDC-IDRI-0991,2.3905232540714233e-05,0.9997507814227337,6.509702557442089e-08,sequential
LIDC-IDRI-0993,0.4965290635009064,0.9996004946249734,0.013846100912336394,sequential
LIDC-IDRI-0994,0.07443092427732084,0.9996223979900032,0.012738918309450462,sequential
LIDC-IDRI-0996,3.617821769114198e-05,0.9993717643808531,2.8140979906063516e-07,sequential
LIDC-IDRI-0997,4.55398369149843e-05,0.9996250500256499,3.82334401396046e-06,sequential
LIDC-IDRI-0998,0.021621606688957937,0.9991885428903751,0.002613198439192703,sequential
LIDC-IDRI-0999,0.01079299759416677,0.9996596762787407,0.00016950298681631112,sequential
LIDC-IDRI-1000,0.10079207427248477,0.9997421872458475,0.015721856723379994,sequential
LIDC-IDRI-1001,0.0007868221944413537,0.9993121032126404,3.955720871056216e-05,sequential
LIDC-IDRI-1002,0.03394412936030495,0.9990998407656028,0.01083358474274501,sequential
LIDC-IDRI-1003,0.2132552822060271,0.9992770985747889,0.039833701012808025,sequential
LIDC-IDRI-1004,0.00428714618623852,0.9997173950010964,0.00043923484832408333,sequential
LIDC-IDRI-1005,0.002152357510891979,0.9990717468016894,4.1879616996887037e-05,sequential
LIDC-IDRI-1006,0.0032661034910380403,0.9996173845884136,7.334078362498109e-05,sequential
LIDC-IDRI-1007,0.3403006795273723,0.9997204076690557,0.03289515108089513,sequential
LIDC-IDRI-1008,0.0003652496498315209,0.9997055797129549,2.4542920247287284e-05,sequential
LIDC-IDRI-1009,3.093710327553794e-05,0.99908531551829,3.5813087583981844e-06,sequential
LIDC-IDRI-1010,0.00025560310446340643,0.9996208252619139,2.8605934434754144e-06,sequential
LIDC-IDRI-1011,0.25762432708674604,0.9995647394315883,0.04423081461479741,sequential
